Keyword,Source,Seed
youtube music,Google,YouTube
youtube music,Bing,YouTube
youtube安卓下载,Google,YouTube
youtube安卓下载,Bing,YouTube
youtube tv,Google,YouTube
youtube tv,Bing,YouTube
youtube官网,Google,YouTube
youtube官网,Bing,YouTube
youtube premium,Google,YouTube
youtube premium,Bing,YouTube
youtube studio,Google,YouTube
youtube studio,Bing,YouTube
youtube下载网站,Google,YouTube
youtube下载网站,Bing,YouTube
youtube解析,Google,YouTube
youtube解析,Bing,YouTube
youtube kids,Google,YouTube
youtube kids,Bing,YouTube
youtube audio library,Google,YouTube
youtube audio library,Bing,YouTube
youtube apk,Google,YouTube
youtube apk,Bing,YouTube
youtube app,Google,YouTube
youtube app,Bing,YouTube
youtube封面下载,Google,YouTube
youtube app 下载,Google,YouTube
youtube下载,Bing,YouTube
youtube视频下载,Bing,YouTube
youtube下载官网,Bing,YouTube
youtube视频解析,Bing,YouTube
youtube官网下载安装,Bing,YouTube
youtube videos,Google,YouTube
youtube videos,Bing,YouTube
youtube dubbing,Google,YouTube
youtube dubbing,Bing,YouTube
youtube 电视版,Google,YouTube
youtube电脑版,Google,YouTube
youtube data api v3,Google,YouTube
youtube data api v3,Bing,YouTube
youtube打不开,Google,YouTube
youtube第三方客户端,Google,YouTube
youtube登录,Google,YouTube
youtube download app,Google,YouTube
youtube download app,Bing,YouTube
youtube第三方,Google,YouTube
youtube create,Google,YouTube
youtube create,Bing,YouTube
youtube channel,Google,YouTube
youtube channel,Bing,YouTube
youtube创始人,Google,YouTube
youtube com activate 登入,Google,YouTube
youtube测速,Google,YouTube
youtube 沉默的荣耀,Google,YouTube
youtube创作者中心,Google,YouTube
youtube banner,Google,YouTube
youtube banner,Bing,YouTube
youtube播放过程出现问题,Google,YouTube
youtube 播放速度,Google,YouTube
youtube博主推荐,Google,YouTube
youtube播放不了,Google,YouTube
youtube banner size,Google,YouTube
youtube banner size,Bing,YouTube
youtube不登录怎么看,Google,YouTube
youtube brandconnect,Google,YouTube
youtube brandconnect,Bing,YouTube
youtube博主,Google,YouTube
youtube播放量收入,Google,YouTube
youtube播放速度无法调整,Google,YouTube
youtube倍速,Google,YouTube
youtube banner 尺寸,Google,YouTube
youtube 播客,Google,YouTube
youtube背景图尺寸,Google,YouTube
youtube广告屏蔽,Google,YouTube
youtube工作室,Google,YouTube
youtube 官网 下载 安卓 版,Google,YouTube
youtube广告,Google,YouTube
youtube广告拦截,Google,YouTube
youtube 官网 中文 版 下载,Google,YouTube
youtube gaming,Google,YouTube
youtube gaming,Bing,YouTube
youtube规则,Google,YouTube
youtube 官网 中文 版,Google,YouTube
youtube 官网 中文 版,Bing,YouTube
youtube github,Google,YouTube
youtube github,Bing,YouTube
youtube更改地区,Google,YouTube
youtube 官网 中文 版 新闻,Google,YouTube
youtube官网入口,Google,YouTube
youtube官网入口,Bing,YouTube
youtube 官网中文,Bing,YouTube
youtube官网网址,Bing,YouTube
youtube官方网站,Bing,YouTube
youtube官网下载电脑版,Bing,YouTube
youtube app 下载 安卓 版,Google,YouTube
youtube apk下载,Google,YouTube
youtube安装包,Google,YouTube
youtube api,Google,YouTube
youtube api,Bing,YouTube
youtube安卓,Google,YouTube
youtube app download,Google,YouTube
youtube app download,Bing,YouTube
youtube安卓安装包,Google,YouTube
youtube app下载安卓,Bing,YouTube
youtube apk下載,Bing,YouTube
youtube extension,Google,YouTube
youtube extension,Bing,YouTube
youtube english,Google,YouTube
youtube english,Bing,YouTube
youtube enhancer,Google,YouTube
youtube enhancer,Bing,YouTube
youtube 二爷故事,Google,YouTube
youtube 二爷,Google,YouTube
youtube额,Google,YouTube
youtube儿童频道,Google,YouTube
youtube 儿童模式,Google,YouTube
youtube 儿童 英文 频道 推荐,Google,YouTube
youtube儿童,Google,YouTube
youtube二维码,Google,YouTube
youtube emoji,Google,YouTube
youtube emoji,Bing,YouTube
youtube for fire tv apk,Google,YouTube
youtube for fire tv apk,Bing,YouTube
youtube for android tv,Google,YouTube
youtube for android tv,Bing,YouTube
youtube封面,Google,YouTube
youtube翻译,Google,YouTube
youtube for mac,Google,YouTube
youtube for mac,Bing,YouTube
youtube封面提取,Google,YouTube
youtube封面制作,Google,YouTube
youtube封面尺寸,Google,YouTube
youtube 粉丝 购买,Google,YouTube
youtube for windows,Google,YouTube
youtube for windows,Bing,YouTube
youtube会员,Google,YouTube
youtube会员价格,Google,YouTube
youtube 后台播放,Google,YouTube
youtube合租,Google,YouTube
youtube合租,Bing,YouTube
youtube会员视频破解,Google,YouTube
youtube会员视频,Google,YouTube
youtube画中画,Google,YouTube
youtube会员购买,Google,YouTube
youtube会员视频解析,Google,YouTube
youtube 好看 的 电视剧,Google,YouTube
youtube 画 中 画 时 有时 无,Google,YouTube
youtube会员频道破解,Google,YouTube
youtube后台播放设置,Google,YouTube
youtube合作伙伴计划,Google,YouTube
youtube hk 中文版,Bing,YouTube
youtube hk 首页,Bing,YouTube
youtube后台播放,Bing,YouTube
youtube镜像,Google,YouTube
youtube镜像,Bing,YouTube
youtube奖牌,Google,YouTube
youtube 解析 工具,Google,YouTube
youtube加载字幕时出错,Google,YouTube
youtube解除限制,Google,YouTube
youtube 旧 版本 ios 下载,Google,YouTube
youtube 家庭方案,Google,YouTube
youtube家庭组,Google,YouTube
youtube家庭组,Bing,YouTube
youtube解析网站,Google,YouTube
youtube家庭会员,Google,YouTube
youtube 江峰,Google,YouTube
youtube 家庭,Google,YouTube
youtube 镜像 2025,Google,YouTube
youtube加速器,Bing,YouTube
youtube加速器免费,Bing,YouTube
youtube镜像网站地址,Bing,YouTube
youtube镜像入口,Bing,YouTube
youtube解析下载,Bing,YouTube
youtube镜像2025,Bing,YouTube
youtube加速器永久免费版,Bing,YouTube
youtube mac客户端,Google,YouTube
youtube music下载,Google,YouTube
youtube music下载,Bing,YouTube
youtube mac,Google,YouTube
youtube mac,Bing,YouTube
youtube music premium,Google,YouTube
youtube music premium,Bing,YouTube
youtube music app,Google,YouTube
youtube music app,Bing,YouTube
youtube movies,Google,YouTube
youtube movies,Bing,YouTube
youtube免登录,Google,YouTube
youtube没有中文字幕,Google,YouTube
youtube mp3转换器,Google,YouTube
youtube music free,Google,YouTube
youtube music free,Bing,YouTube
youtube music官网,Bing,YouTube
youtube客户端,Google,YouTube
youtube客户端,Bing,YouTube
youtube kids app,Google,YouTube
youtube kids app,Bing,YouTube
youtube快捷键,Google,YouTube
youtube客服,Google,YouTube
youtube可以私信吗,Google,YouTube
youtube 开发者,Google,YouTube
youtube可以后台播放吗,Google,YouTube
youtube kids videos,Google,YouTube
youtube kids videos,Bing,YouTube
youtube开通收益条件,Google,YouTube
youtube快捷指令,Google,YouTube
youtube卡顿,Google,YouTube
youtube科普频道,Google,YouTube
youtube kid 下载,Google,YouTube
youtube kids官网,Bing,YouTube
youtube logo,Google,YouTube
youtube logo,Bing,YouTube
youtube live,Google,YouTube
youtube live,Bing,YouTube
youtube 瀏覽 器,Google,YouTube
youtube 老灯,Google,YouTube
youtube login,Google,YouTube
youtube login,Bing,YouTube
youtube历史版本,Google,YouTube
youtube流量分析,Google,YouTube
youtube链接解析,Google,YouTube
youtube 老王来了,Google,YouTube
youtube老厉害,Google,YouTube
youtube拉黑用户,Google,YouTube
youtube老王来了是谁,Google,YouTube
youtube logo png,Google,YouTube
youtube logo png,Bing,YouTube
youtube outage,Google,YouTube
youtube outage,Bing,YouTube
youtube欧吉桑,Google,YouTube
youtube originals,Google,YouTube
youtube originals,Bing,YouTube
youtube icon,Google,YouTube
youtube icon,Bing,YouTube
youtube ipa,Google,YouTube
youtube ipa,Bing,YouTube
youtube ios,Google,YouTube
youtube ios,Bing,YouTube
youtube install,Google,YouTube
youtube install,Bing,YouTube
youtube ios 安装 包,Google,YouTube
youtube idm 不 显示,Google,YouTube
youtube idm,Google,YouTube
youtube idm,Bing,YouTube
youtube年度回顾,Google,YouTube
youtube年度总结,Google,YouTube
youtube 年龄限制 下载,Google,YouTube
youtube年龄验证,Google,YouTube
youtube年龄限制,Google,YouTube
youtube news,Google,YouTube
youtube news,Bing,YouTube
youtube年终总结,Google,YouTube
youtube no ads,Google,YouTube
youtube no ads,Bing,YouTube
youtube 倪海厦,Google,YouTube
youtube 年费,Google,YouTube
youtube nba,Google,YouTube
youtube nba,Bing,YouTube
youtube 尼日利亚,Google,YouTube
youtube 尼日利亚,Bing,YouTube
youtube 能 打开 但是 不能 播放,Google,YouTube
youtube 年龄限制关闭,Google,YouTube
youtube 年度 报告,Google,YouTube
youtube news 中文,Bing,YouTube
youtube premium cost,Google,YouTube
youtube premium cost,Bing,YouTube
youtube premium student,Google,YouTube
youtube premium student,Bing,YouTube
youtube premium 价格,Google,YouTube
youtube拼车,Google,YouTube
youtube拼车,Bing,YouTube
youtube premium family,Google,YouTube
youtube premium family,Bing,YouTube
youtube premium lite,Google,YouTube
youtube premium lite,Bing,YouTube
youtube频道分析,Google,YouTube
youtube playables,Google,YouTube
youtube playables,Bing,YouTube
youtube premium family plan,Google,YouTube
youtube premium family plan,Bing,YouTube
youtube频道,Google,YouTube
youtube premium有什么用,Google,YouTube
youtube频道购买,Google,YouTube
youtube爬虫,Google,YouTube
youtube pc版,Bing,YouTube
youtube pc端,Bing,YouTube
youtube pc版下载,Bing,YouTube
youtube去广告,Google,YouTube
youtube去广告,Bing,YouTube
youtube去广告规则,Google,YouTube
youtube 去 广告 安卓,Google,YouTube
youtube去广告模块,Google,YouTube
youtube去广告模块,Bing,YouTube
youtube趋势,Google,YouTube
youtube 清理缓存,Google,YouTube
youtube 切换地区,Google,YouTube
youtube 取消自动配音,Google,YouTube
youtube千次播放收益,Google,YouTube
youtube去广告github,Google,YouTube
youtube 庆余年,Google,YouTube
youtube 轻音乐,Google,YouTube
youtube取消自动续费,Google,YouTube
youtube 请 登录 以便 我们 确认 你 不是 聊天 机器人,Google,YouTube
youtube去水印,Bing,YouTube
youtube去广告插件,Bing,YouTube
youtube update,Google,YouTube
youtube update,Bing,YouTube
youtube unlisted,Google,YouTube
youtube unlisted,Bing,YouTube
youtube recap,Google,YouTube
youtube recap,Bing,YouTube
youtube如何后台播放,Google,YouTube
youtube软件下载,Google,YouTube
youtube软件下载,Bing,YouTube
youtube如何赚钱,Google,YouTube
youtube热门,Google,YouTube
youtube red,Google,YouTube
youtube red,Bing,YouTube
youtube如何息屏播放,Google,YouTube
youtube如何循环播放,Google,YouTube
youtube如何改名字,Google,YouTube
youtube如何小窗口播放,Google,YouTube
youtube如何设置双语字幕,Google,YouTube
youtube软件,Google,YouTube
youtuber 中文,Bing,YouTube
youtube 网页,Google,YouTube
youtube 网页 版 首页,Google,YouTube
youtube 网页 版,Google,YouTube
youtube文案提取,Google,YouTube
youtube 网址,Google,YouTube
youtube无法播放,Google,YouTube
youtube 无线新闻,Google,YouTube
youtube 王 剑 是 谁,Google,YouTube
youtube 网页 版 登入,Google,YouTube
youtube windows app,Google,YouTube
youtube windows app,Bing,YouTube
youtube无广告,Google,YouTube
youtube 我们 无法 验证 你 所在 的 国家 地区,Google,YouTube
youtube网站,Google,YouTube
youtube网页版,Bing,YouTube
youtube windows客户端,Bing,YouTube
youtube网址,Bing,YouTube
youtube网页版入口,Bing,YouTube
youtube windows客户端下载,Bing,YouTube
youtube 网站官网,Bing,YouTube
youtube windows下载,Bing,YouTube
youtube 手机 版 下载,Google,YouTube
youtube视频,Google,YouTube
youtube shorts,Google,YouTube
youtube shorts,Bing,YouTube
youtube视频转文字,Google,YouTube
youtube 手机 版 网页,Google,YouTube
youtube 视频总结,Google,YouTube
youtube 首页,Google,YouTube
youtube视频封面下载,Google,YouTube
youtube双语字幕,Google,YouTube
youtube 收益,Google,YouTube
youtube视频无法播放,Google,YouTube
youtube上,Google,YouTube
youtube视频下载app,Google,YouTube
youtube视频下载在线,Bing,YouTube
youtube视频下载网站,Bing,YouTube
youtube transcript,Google,YouTube
youtube transcript,Bing,YouTube
youtube tv apk,Google,YouTube
youtube tv apk,Bing,YouTube
youtube图标,Google,YouTube
youtube tv apk 下载,Google,YouTube
youtube tv下载,Google,YouTube
youtube tv下载,Bing,YouTube
youtube 提取字幕,Google,YouTube
youtube投屏,Google,YouTube
youtube tv版,Bing,YouTube
youtube tv官网,Bing,YouTube
youtube vr,Google,YouTube
youtube vr,Bing,YouTube
youtube vpn,Google,YouTube
youtube vpn,Bing,YouTube
youtube vpn免费,Bing,YouTube
youtube premium 超 商 付款,Google,YouTube Premium
youtube premium 差别,Google,YouTube Premium
youtube premium 重复扣款,Google,YouTube Premium
youtube premium 重复 扣 款 dcard,Google,YouTube Premium
youtube premium cube卡,Google,YouTube Premium
youtube premium 出国,Google,YouTube Premium
youtube premium 成员,Google,YouTube Premium
youtube premium canada,Google,YouTube Premium
youtube premium canada,Bing,YouTube Premium
youtube premium 充值,Google,YouTube Premium
youtube premium 查询,Google,YouTube Premium
youtube premium 重复播放,Google,YouTube Premium
youtube premium 此优惠无法提供,Google,YouTube Premium
youtube premium重复扣款ptt,Google,YouTube Premium
youtube下载app,Google,YouTube
youtube下载app,Bing,YouTube
youtube下载软件,Google,YouTube
youtube 下載 apk,Google,YouTube
youtube 下載 安裝,Google,YouTube
youtube 下载 github,Google,YouTube
youtube下载网址,Google,YouTube
youtube小窗口播放,Google,YouTube
youtube 下载 安卓,Google,YouTube
youtube学生认证,Google,YouTube
youtube 循环播放,Google,YouTube
youtube 下载 mac,Google,YouTube
youtube 下载 windows,Google,YouTube
youtube 学生优惠,Google,YouTube
youtube息屏播放,Google,YouTube
youtube下载视频,Bing,YouTube
youtube下载电脑版,Bing,YouTube
youtube下载apk,Bing,YouTube
youtube下载工具,Bing,YouTube
youtube下载安卓,Bing,YouTube
youtube 下載 mp3,Bing,YouTube
youtube 下载 在线,Bing,YouTube
youtube premium 在你所在的国家/地区尚未推出,Google,YouTube Premium
youtube premium 购买,Google,YouTube Premium
youtube premium annual plan,Google,YouTube Premium
youtube premium annual plan,Bing,YouTube Premium
youtube premium 土耳其,Google,YouTube Premium
youtube premium 印度,Google,YouTube Premium
youtube premium 印度,Bing,YouTube Premium
youtube premium 有什么好处,Google,YouTube Premium
youtube premium 无法享受此优惠,Google,YouTube Premium
youtube premium discount,Google,YouTube Premium
youtube premium discount,Bing,YouTube Premium
youtube premium家庭方案,Bing,YouTube Premium
youtube premium price,Google,YouTube Premium
youtube premium price,Bing,YouTube Premium
youtube premium 跨區,Bing,YouTube Premium
youtube premium价格,Bing,YouTube Premium
youtube premium價格,Bing,YouTube Premium
youtube premium benefits,Google,YouTube Premium
youtube premium benefits,Bing,YouTube Premium
youtube premium black friday,Google,YouTube Premium
youtube premium black friday,Bing,YouTube Premium
youtube premium 背景播放,Google,YouTube Premium
youtube premium 背景 播放 中断,Google,YouTube Premium
youtube premium 背景播放 失效,Google,YouTube Premium
youtube premium 被 抓 ptt,Google,YouTube Premium
youtube premium 包含 music premium 吗,Google,YouTube Premium
youtube premium 变更信用卡,Google,YouTube Premium
youtube premium 不同装置,Google,YouTube Premium
youtube premium 背景播放 ios,Google,YouTube Premium
youtube premium 包括 youtube music 吗,Google,YouTube Premium
youtube premium 背景 播放 中断 ios,Google,YouTube Premium
youtube premium 被锁,Google,YouTube Premium
youtube premium 边个国家最平,Google,YouTube Premium
youtube premium被取消订阅,Google,YouTube Premium
youtube字幕,Google,YouTube
youtube中文,Google,YouTube
youtube中文,Bing,YouTube
youtube账号购买,Google,YouTube
youtube 最新 版本 下載,Google,YouTube
youtube中文版,Google,YouTube
youtube账号,Google,YouTube
youtube账号,Bing,YouTube
youtube直播,Google,YouTube
youtube直播,Bing,YouTube
youtube注册,Google,YouTube
youtube注册,Bing,YouTube
youtube字幕翻译,Google,YouTube
youtube字幕下载网站,Google,YouTube
youtube中文字幕,Google,YouTube
youtube转文字,Google,YouTube
youtube怎么后台播放,Google,YouTube
youtube中文配音,Google,YouTube
youtube自动翻译不显示,Google,YouTube
youtube字幕下载,Bing,YouTube
youtube在线下载,Bing,YouTube
youtube转mp3,Bing,YouTube
youtube怎么读,Bing,YouTube
youtube怎么下载视频,Bing,YouTube
youtube中文版官网入口,Bing,YouTube
youtube账号注册,Bing,YouTube
youtube premium 阿根廷,Google,YouTube Premium
youtube premium 阿根廷 失败,Google,YouTube Premium
youtube premium 安卓 ios,Google,YouTube Premium
youtube premium 安卓价格,Google,YouTube Premium
youtube premium 澳门,Google,YouTube Premium
youtube premium apple music比较,Google,YouTube Premium
youtube premium安卓,Google,YouTube Premium
youtube premium app,Google,YouTube Premium
youtube premium app,Bing,YouTube Premium
youtube premium 安卓买 ios可以用吗,Google,YouTube Premium
youtube premium apple 礼物 卡,Google,YouTube Premium
youtube premium account,Google,YouTube Premium
youtube premium account,Bing,YouTube Premium
youtube音乐,Google,YouTube
youtube音乐,Bing,YouTube
youtube音频库,Google,YouTube
youtube音频库,Bing,YouTube
youtube音乐库,Google,YouTube
youtube音乐库,Bing,YouTube
youtube音频解析,Google,YouTube
youtube验证年龄,Google,YouTube
youtube有客户端吗,Google,YouTube
youtube 一个 狠 人 是 谁,Google,YouTube
youtube游戏大本营,Google,YouTube
youtube一万播放量多少钱,Google,YouTube
youtube 油管,Google,YouTube
youtube ypp,Google,YouTube
youtube ypp,Bing,YouTube
youtube应用,Google,YouTube
youtube 音频,Google,YouTube
youtube语言设置,Google,YouTube
youtube油管,Bing,YouTube
youtube音频下载,Bing,YouTube
youtube音频库官网,Bing,YouTube
youtube音乐下载,Bing,YouTube
youtube音频提取,Bing,YouTube
youtube premium 低价区,Google,YouTube Premium
youtube premium 代购,Google,YouTube Premium
youtube premium 地区,Google,YouTube Premium
youtube premium 地区不同,Google,YouTube Premium
youtube premium 代购 dcard,Google,YouTube Premium
youtube premium多少钱,Google,YouTube Premium
youtube premium 订阅,Google,YouTube Premium
youtube premium 代储,Google,YouTube Premium
youtube premium电信付款,Google,YouTube Premium
youtube premium 电视,Google,YouTube Premium
youtube premium 订阅优惠,Google,YouTube Premium
youtube premium 电信,Google,YouTube Premium
youtube premium电脑订阅,Google,YouTube Premium
youtube premium 电脑版,Google,YouTube Premium
youtube premium 费用,Google,YouTube Premium
youtube premium 方案,Google,YouTube Premium
youtube premium 方案,Bing,YouTube Premium
youtube premium family 台湾,Google,YouTube Premium
youtube premium family price,Google,YouTube Premium
youtube premium family price,Bing,YouTube Premium
youtube premium family 地区,Google,YouTube Premium
youtube premium free trial,Google,YouTube Premium
youtube premium free trial,Bing,YouTube Premium
youtube premium 方案 价格,Google,YouTube Premium
youtube premium 方案 ptt,Google,YouTube Premium
youtube premium 发票归户,Google,YouTube Premium
youtube premium 非同住,Google,YouTube Premium
youtube premium 付费方式,Google,YouTube Premium
youtube premium 方案 共享,Google,YouTube Premium
youtube premium 方案 台湾大哥大,Google,YouTube Premium
youtube premium 儿童,Google,YouTube Premium
youtube premium 二人方案,Google,YouTube Premium
youtube premium 儿童 模式,Google,YouTube Premium
youtube premium 二人,Google,YouTube Premium
youtube premium 二人计划,Google,YouTube Premium
youtube premium extension,Google,YouTube Premium
youtube premium extension,Bing,YouTube Premium
youtube premium ios比较贵,Google,YouTube Premium
youtube premium india,Google,YouTube Premium
youtube premium india,Bing,YouTube Premium
youtube premium ios 跨 区,Google,YouTube Premium
youtube premium ios android 差别,Google,YouTube Premium
youtube premium individual plan,Google,YouTube Premium
youtube premium individual plan,Bing,YouTube Premium
youtube premium ios 内购,Google,YouTube Premium
youtube premium ios价格,Google,YouTube Premium
youtube premium india price,Google,YouTube Premium
youtube premium india price,Bing,YouTube Premium
youtube premium会员,Google,YouTube Premium
youtube premium 合购,Google,YouTube Premium
youtube premium 还是 有 广告 ptt,Google,YouTube Premium
youtube premium 合 购 dcard,Google,YouTube Premium
youtube premium 还是 有 广告 dcard,Google,YouTube Premium
youtube premium好用吗,Google,YouTube Premium
youtube premium 还是有广告,Google,YouTube Premium
youtube premium 合 购 ptt,Google,YouTube Premium
youtube premium 换信用卡,Google,YouTube Premium
youtube premium hk 价钱,Google,YouTube Premium
youtube premium 换家庭,Google,YouTube Premium
youtube premium 回馈,Google,YouTube Premium
youtube premium 会员影片 背景播放,Google,YouTube Premium
youtube premium 画质,Google,YouTube Premium
youtube premium 好处,Google,YouTube Premium
youtube premium 客服 电话,Google,YouTube Premium
youtube premium 跨区,Google,YouTube Premium
youtube premium 跨区 2025,Google,YouTube Premium
youtube premium 跨 区 被 锁 ptt,Google,YouTube Premium
youtube premium 跨 区 家庭,Google,YouTube Premium
youtube premium跨区ptt,Google,YouTube Premium
youtube premium 可以登入几个装置,Google,YouTube Premium
youtube premium 客服 信箱,Google,YouTube Premium
youtube premium 跨 区 ptt 2025,Google,YouTube Premium
youtube premium 跨国,Google,YouTube Premium
youtube premium 跨区 印度,Google,YouTube Premium
youtube premium 可以干嘛,Google,YouTube Premium
youtube premium 可以下载影片吗,Google,YouTube Premium
youtube premium 跨区订阅,Google,YouTube Premium
youtube premium 跨 区 被 锁,Google,YouTube Premium
youtube premium 功能,Google,YouTube Premium
youtube premium 攻略,Google,YouTube Premium
youtube premium 共享,Google,YouTube Premium
youtube premium 各国 价格,Google,YouTube Premium
youtube premium 个人 方案,Google,YouTube Premium
youtube premium 更改信用卡,Google,YouTube Premium
youtube premium 歌词,Google,YouTube Premium
youtube premium更改付款方式,Google,YouTube Premium
youtube premium 跟youtube music,Google,YouTube Premium
youtube premium 共用,Google,YouTube Premium
youtube premium 国家,Google,YouTube Premium
youtube premium个人方案可以几个装置,Google,YouTube Premium
youtube premium广告,Google,YouTube Premium
youtube premium更改地区,Google,YouTube Premium
youtube premium 家庭方案,Bing,YouTube Premium
youtube premium 家庭,Google,YouTube Premium
youtube premium 家庭,Bing,YouTube Premium
youtube premium 家庭 方案,Google,YouTube Premium
youtube premium 家庭 方案,Bing,YouTube Premium
youtube premium 家庭 方案 地址 设定,Google,YouTube Premium
youtube premium家庭方案被取消,Google,YouTube Premium
youtube premium 家庭 方案 价格,Google,YouTube Premium
youtube premium 家庭 方案 地址 不同,Google,YouTube Premium
youtube premium 家庭 方案 被 抓,Google,YouTube Premium
youtube premium 家庭 方案 年 缴,Google,YouTube Premium
youtube premium 家庭 方案 价格 香港,Google,YouTube Premium
youtube premium 家庭 方案 被 抓 dcard,Google,YouTube Premium
youtube premium 加人,Google,YouTube Premium
youtube premium 家庭群组,Google,YouTube Premium
youtube premium 家庭成员无法使用,Google,YouTube Premium
youtube premium 揪团,Google,YouTube Premium
youtube premium 家庭方案 價格,Bing,YouTube Premium
youtube premium 警告,Bing,YouTube Premium
youtube premium 家庭方案 年繳,Bing,YouTube Premium
youtube premium 家庭方案 優惠,Bing,YouTube Premium
youtube premium lite 台湾,Google,YouTube Premium
youtube premium lite vs premium,Google,YouTube Premium
youtube premium lite vs premium,Bing,YouTube Premium
youtube premium 礼品卡,Google,YouTube Premium
youtube premium lite 差异,Google,YouTube Premium
youtube premium 两人方案,Google,YouTube Premium
youtube premium 离线播放,Google,YouTube Premium
youtube premium lite 香港,Google,YouTube Premium
youtube premium 离线听歌,Google,YouTube Premium
youtube premium 两人,Google,YouTube Premium
youtube premium 露天,Google,YouTube Premium
youtube premium 连登,Google,YouTube Premium
youtube premium 礼品卡 土耳其,Google,YouTube Premium
youtube premium lite 日本,Bing,YouTube Premium
youtube premium 年 缴,Google,YouTube Premium
youtube premium 年 费 香港,Google,YouTube Premium
youtube premium年缴台湾,Google,YouTube Premium
youtube premium 内容,Google,YouTube Premium
youtube premium 年 缴 多少 钱,Google,YouTube Premium
youtube premium 年缴方案,Google,YouTube Premium
youtube premium 年 缴 dcard,Google,YouTube Premium
youtube premium哪里买最便宜,Google,YouTube Premium
youtube premium 年方案,Google,YouTube Premium
youtube premium 年,Google,YouTube Premium
youtube premium 哪个国家最便宜,Google,YouTube Premium
youtube premium 年 缴 国家,Google,YouTube Premium
youtube premium 年费,Google,YouTube Premium
youtube premium 你似乎与邀请人位于不同国家/地区,Google,YouTube Premium
youtube premium 年费 台湾,Google,YouTube Premium
youtube premium 年繳,Bing,YouTube Premium
youtube premium offers india,Google,YouTube Premium
youtube premium offers india,Bing,YouTube Premium
youtube premium one month free,Google,YouTube Premium
youtube premium one month free,Bing,YouTube Premium
youtube premium options,Google,YouTube Premium
youtube premium options,Bing,YouTube Premium
youtube premium 美国 价格,Google,YouTube Premium
youtube premium malaysia,Google,YouTube Premium
youtube premium malaysia,Bing,YouTube Premium
youtube premium 免费 试用 3 个 月 2025,Google,YouTube Premium
youtube premium 免费 试用 2025,Google,YouTube Premium
youtube premium 免费 试用 序号,Google,YouTube Premium
youtube premium malaysia price,Google,YouTube Premium
youtube premium malaysia price,Bing,YouTube Premium
youtube premium 免费 电影,Google,YouTube Premium
youtube premium免费试用4个月,Google,YouTube Premium
youtube premium免费试用3个月,Google,YouTube Premium
youtube premium music,Google,YouTube Premium
youtube premium music,Bing,YouTube Premium
youtube premium 免费 试用,Google,YouTube Premium
youtube premium 美国,Google,YouTube Premium
youtube premium 目前并未于你所在国家/地区推出,Google,YouTube Premium
youtube premium 没有家庭方案,Google,YouTube Premium
youtube premium免费,Google,YouTube Premium
youtube premium 人数,Google,YouTube Premium
youtube premium 如何邀请,Google,YouTube Premium
youtube premium 如何付费,Google,YouTube Premium
youtube premium 如何订阅,Google,YouTube Premium
youtube premium如何取消,Google,YouTube Premium
youtube premium refund,Google,YouTube Premium
youtube premium refund,Bing,YouTube Premium
youtube premium 仍有广告,Google,YouTube Premium
youtube premium 日本价格,Google,YouTube Premium
youtube premium 如何便宜,Google,YouTube Premium
youtube premium reddit,Google,YouTube Premium
youtube premium reddit,Bing,YouTube Premium
youtube premium 日本,Google,YouTube Premium
youtube premium redeem,Google,YouTube Premium
youtube premium redeem,Bing,YouTube Premium
youtube premium 取消 订阅,Google,YouTube Premium
youtube premium 取消 订阅 退 费,Google,YouTube Premium
youtube premium 取消 续 订,Google,YouTube Premium
youtube premium取消不了,Google,YouTube Premium
youtube premium 取消 订阅 ios,Google,YouTube Premium
youtube premium 取消会员,Google,YouTube Premium
youtube premium 群组,Google,YouTube Premium
youtube premium 取消 订阅 ptt,Google,YouTube Premium
youtube premium 全球价格,Google,YouTube Premium
youtube premium 取消 订阅 时间,Google,YouTube Premium
youtube premium 取消,Google,YouTube Premium
youtube premium 区域 限制,Google,YouTube Premium
youtube premium 去人声,Google,YouTube Premium
youtube premium 清退,Google,YouTube Premium
youtube premium quanto custa,Google,YouTube Premium
youtube premium quanto custa,Bing,YouTube Premium
youtube premium 價格,Bing,YouTube Premium
youtube premium 價格 各國,Bing,YouTube Premium
youtube premium 取消訂閱,Bing,YouTube Premium
youtube premium 價錢,Bing,YouTube Premium
youtube premium 便宜,Google,YouTube Premium
youtube premium 破解,Google,YouTube Premium
youtube premium 平价订阅,Google,YouTube Premium
youtube premium 便宜方式,Google,YouTube Premium
youtube premium 骗案,Google,YouTube Premium
youtube premium 便宜国家,Google,YouTube Premium
youtube premium 便宜购买,Google,YouTube Premium
youtube premium 平价方法,Google,YouTube Premium
youtube premium平价,Google,YouTube Premium
youtube premium price by country,Google,YouTube Premium
youtube premium price by country,Bing,YouTube Premium
youtube premium是什么,Google,YouTube Premium
youtube premium subscription,Google,YouTube Premium
youtube premium subscription,Bing,YouTube Premium
youtube premium 双人 方案,Google,YouTube Premium
youtube premium 双人 方案 无法 加入,Google,YouTube Premium
youtube premium 双人 方案 怎么 用,Google,YouTube Premium
youtube premium 双人 方案 邀请,Google,YouTube Premium
youtube premium收费,Google,YouTube Premium
youtube premium 刷卡,Google,YouTube Premium
youtube premium 双人 方案 要 同 住 吗,Google,YouTube Premium
youtube premium 双人方案 无法邀请,Google,YouTube Premium
youtube premium 双人 方案 价格,Google,YouTube Premium
youtube premium 试用 扣 款 10 元,Google,YouTube Premium
youtube premium 双人 香港,Google,YouTube Premium
youtube premium 省钱,Google,YouTube Premium
youtube premium 台湾 价格,Google,YouTube Premium
youtube premium 同时 使用 ptt,Google,YouTube Premium
youtube premium退出家庭群组,Google,YouTube Premium
youtube premium 同住,Google,YouTube Premium
youtube premium 退 费 dcard,Google,YouTube Premium
youtube premium 台哥大,Google,YouTube Premium
youtube premium 退费,Google,YouTube Premium
youtube premium土耳其失败,Google,YouTube Premium
youtube premium 特价,Google,YouTube Premium
youtube premium 退 费 ptt,Google,YouTube Premium
youtube premium土耳其ptt,Google,YouTube Premium
youtube premium turkey,Google,YouTube Premium
youtube premium turkey,Bing,YouTube Premium
youtube premium 同户,Google,YouTube Premium
youtube premium 同时登入,Google,YouTube Premium
youtube premium vpn 教学,Google,YouTube Premium
youtube premium vpn,Google,YouTube Premium
youtube premium vpn,Bing,YouTube Premium
youtube premium vs youtube music,Google,YouTube Premium
youtube premium vs youtube music,Bing,YouTube Premium
youtube premium uk,Google,YouTube Premium
youtube premium uk,Bing,YouTube Premium
youtube premium usa,Google,YouTube Premium
youtube premium usa,Bing,YouTube Premium
youtube premium 一 年 方案,Google,YouTube Premium
youtube premium 远传,Google,YouTube Premium
youtube premium 音质,Google,YouTube Premium
youtube premium 月费,Google,YouTube Premium
youtube premium 永久,Google,YouTube Premium
youtube premium youtube music premium 分别,Google,YouTube Premium
youtube premium 一 年 方案 dcard,Google,YouTube Premium
youtube premium 与 music 差别,Google,YouTube Premium
youtube premium 邀请新成员,Google,YouTube Premium
youtube premium优惠方案,Google,YouTube Premium
youtube premium 有年缴方案吗,Google,YouTube Premium
youtube premium 一个月多少钱,Google,YouTube Premium
youtube premium 下载,Google,YouTube Premium
youtube premium 学生 方案 申请,Google,YouTube Premium
youtube premium 香港,Google,YouTube Premium
youtube premium 香港,Bing,YouTube Premium
youtube premium 下载 到 本地,Google,YouTube Premium
youtube premium 信用卡,Google,YouTube Premium
youtube premium 信用卡,Bing,YouTube Premium
youtube premium 下载影片,Google,YouTube Premium
youtube premium 虾皮,Google,YouTube Premium
youtube premium学生方案,Google,YouTube Premium
youtube premium 信用卡优惠,Google,YouTube Premium
youtube premium学生方案ios,Google,YouTube Premium
youtube premium 学生 验证,Google,YouTube Premium
youtube premium 下载 到 手机,Google,YouTube Premium
youtube premium 下载 到 电脑,Google,YouTube Premium
youtube premium 信用卡 ptt,Google,YouTube Premium
youtube premium 信用卡 更改,Google,YouTube Premium
youtube premium 学割,Bing,YouTube Premium
youtube premium 下載影片,Bing,YouTube Premium
youtube premium 下載 電腦位置,Bing,YouTube Premium
youtube premium 学割 更新,Bing,YouTube Premium
youtube premium 学割 やり方,Bing,YouTube Premium
youtube premium 学割プラン,Bing,YouTube Premium
youtube premium 我们 无法 验证 你 所在 的 国家 地区,Google,YouTube Premium
youtube premium 无法 验证 你 的 国家,Google,YouTube Premium
youtube premium 无法 加入 家庭 群 组 12 个 月,Google,YouTube Premium
youtube premium 无法 背景 播放 ios,Google,YouTube Premium
youtube premium无法背景播放,Google,YouTube Premium
youtube premium 无效 的 会员 ptt,Google,YouTube Premium
youtube premium 网页订阅,Google,YouTube Premium
youtube premium 无法加入家庭群组,Google,YouTube Premium
youtube premium 无效的会员,Google,YouTube Premium
youtube premium 网页版 ios可以用吗,Google,YouTube Premium
youtube premium无法订阅,Google,YouTube Premium
youtube premium 无法验证国家或地区,Google,YouTube Premium
youtube premium 乌克兰,Google,YouTube Premium
youtube premium 无法使用这项优惠,Google,YouTube Premium
油管app下载,Google,油管
油管app下载,Bing,油管
油管app,Google,油管
油管app,Bing,油管
油管安装包,Google,油管
油管安装包,Bing,油管
油管安卓下载,Google,油管
油管安卓下载,Bing,油管
油管艾森是谁,Google,油管
油管安卓版下载,Google,油管
油管安卓版下载,Bing,油管
油管安装包下载,Google,油管
油管安卓版,Google,油管
油管安卓安装包,Google,油管
油管安卓安装包,Bing,油管
油管app下载官网,Google,油管
油管安卓,Google,油管
油管app安卓,Google,油管
油管安装,Google,油管
油管艾森,Google,油管
油管app下载安卓版,Bing,油管
油管apk,Bing,油管
油管app下载电脑版,Bing,油管
油管app下载安装,Bing,油管
油管 ai,Bing,油管
油管asmr助眠,Bing,油管
油管下载,Google,油管
油管下载,Bing,油管
油管官网,Google,油管
油管官网,Bing,油管
油管网页版,Google,油管
油管网页版,Bing,油管
油管youtube官网,Google,油管
油管youtube官网,Bing,油管
油管视频解析,Google,油管
油管视频解析,Bing,油管
油管解析,Google,油管
油管解析,Bing,油管
油管下载安卓版,Google,油管
油管账号,Google,油管
油管账号,Bing,油管
油管账号购买,Google,油管
油管账号购买,Bing,油管
油管下载网站,Google,油管
油管下载网站,Bing,油管
油管视频,Google,油管
油管会员,Google,油管
油管会员,Bing,油管
油管youtube,Google,油管
油管 youtube,Bing,油管
油管,Bing,油管
油管视频下载,Bing,油管
油管网址,Bing,油管
油管镜像,Google,油管
油管镜像,Bing,油管
油管youtube官网入口,Google,油管
油管youtube官网入口,Bing,油管
油管是什么,Google,油管
油管是什么,Bing,油管
油管加速器,Bing,油管
油管youtube官网下载,Bing,油管
youtube premium 涨价,Google,YouTube Premium
youtube premium 最平,Google,YouTube Premium
youtube premium 最平,Bing,YouTube Premium
youtube premium 子 母 画面 不能 用,Google,YouTube Premium
youtube premium 值得 吗 dcard,Google,YouTube Premium
youtube premium 子母画面,Google,YouTube Premium
youtube premium 怎么加人,Google,YouTube Premium
youtube premium 装置 限制,Google,YouTube Premium
youtube premium 装置数量,Google,YouTube Premium
youtube premium 最便宜国家,Google,YouTube Premium
youtube premium 中华电信方案,Google,YouTube Premium
youtube premium 值得买吗,Google,YouTube Premium
youtube premium 装置 查询,Google,YouTube Premium
youtube premium 帐号 共用 dcard,Google,YouTube Premium
youtube premium 载具,Google,YouTube Premium
youtube premium 中華電信,Bing,YouTube Premium
youtube premium 最便宜,Bing,YouTube Premium
youtube premium 怎麼買最便宜,Bing,YouTube Premium
youtube premium 最便宜的國家,Bing,YouTube Premium
油管测速,Google,油管
油管测速,Bing,油管
油管财经博主,Google,油管
油管曹操说博主,Google,油管
油管创始人,Google,油管
油管创始人,Bing,油管
油管财经博主推荐,Google,油管
油管创作者,Google,油管
油管材质,Google,油管
油管材质,Bing,油管
油管曹操说,Google,油管
油管尺寸,Google,油管
油管尺寸,Bing,油管
油管尺寸表,Google,油管
油管尺寸表,Bing,油管
油管曹操说是谁,Google,油管
油管曹操说博主是谁,Google,油管
油管 出错了 点按即可重试,Google,油管
油管尺寸规格对照表,Bing,油管
油管插件,Bing,油管
油管擦边博主,Bing,油管
油管参数,Bing,油管
油管材料,Bing,油管
油管 cpm,Bing,油管
油管cc字幕下载,Bing,油管
油管博主推荐,Google,油管
油管博主推荐,Bing,油管
油管博主,Google,油管
油管博主,Bing,油管
油管播放量收益,Google,油管
油管播放量收益,Bing,油管
油管帮,Google,油管
油管博主收入,Google,油管
油管不登录怎么看,Google,油管
油管不登录怎么看,Bing,油管
油管搬运,Google,油管
油管搬运,Bing,油管
油管博主排名,Google,油管
油管必须登录才能看,Google,油管
油管北,Google,油管
油管播放过程出现问题,Google,油管
油管不能播放,Google,油管
油管播放量最高的视频,Google,油管
油管不登录看不了,Google,油管
油管播放量,Google,油管
油管扳手,Bing,油管
油管标准,Bing,油管
油管搬运视频,Bing,油管
油管播放量怎么算,Bing,油管
油管保护方案,Bing,油管
油管b,Bing,油管
油管beat,Bing,油管
油管会员拼车,Google,油管
油管会员拼车,Bing,油管
油管会员购买,Google,油管
油管会员购买,Bing,油管
油管会员视频破解,Google,油管
油管会员视频破解,Bing,油管
油管后台播放,Google,油管
油管后台播放,Bing,油管
油管猴,Google,油管
油管猴,Bing,油管
油管会员有什么用,Google,油管
油管会员有什么用,Bing,油管
油管会员价格,Google,油管
油管会员价格,Bing,油管
油管会员专享,Google,油管
油管会员怎么买,Google,油管
油管会员怎么买,Bing,油管
油管会员视频解析,Google,油管
油管会员视频解析,Bing,油管
油管黄标,Google,油管
油管画中画,Google,油管
油管回收,Google,油管
油管会员频道,Google,油管
油管猴插件,Bing,油管
油管猴脚本,Bing,油管
油管猴官网,Bing,油管
油管会员视频下载,Bing,油管
油管和推特的区别,Bing,油管
油管会员多少钱,Google,油管
油管会员多少钱,Bing,油管
油管猴插件下载,Bing,油管
油管和套管的区别,Bing,油管
油管二爷故事是谁,Google,油管
油管二爷故事是谁,Bing,油管
油管二爷,Google,油管
油管英文,Google,油管
油管英语,Google,油管
油管 赚钱,Google,油管
油管中文,Google,油管
油管eu和nu,Bing,油管
油管阿坎的版型研究室,Bing,油管
油管eue代表什么意思,Bing,油管
油管儿,Bing,油管
油管阿神,Bing,油管
油管 二大爷,Bing,油管
油管二爷故事邓海燕,Bing,油管
油管二爷故事广州刑警,Bing,油管
油管二爷曾是刑警,Bing,油管
油管封面下载,Google,油管
油管封面下载,Bing,油管
油管封面,Google,油管
油管封面提取,Google,油管
油管封面提取,Bing,油管
油管翻译软件,Google,油管
油管翻译,Google,油管
油管翻译字幕,Google,油管
油管分析工具,Google,油管
油管粉丝购买,Google,油管
油管粉丝排行榜,Google,油管
油管粉丝排行榜,Bing,油管
油管分离钳,Google,油管
油管粉丝,Google,油管
油管反贼,Google,油管
油管反贼,Bing,油管
油管封面尺寸,Google,油管
油管封面尺寸,Bing,油管
油管翻译评论,Google,油管
油管翻译不了中文,Google,油管
油管翻译插件,Bing,油管
油管翻墙,Bing,油管
油管扶正器,Bing,油管
油管翻译评论怎么默认中文,Bing,油管
油管防爆链,Bing,油管
油管 福利关键词,Bing,油管
油管法兰,Bing,油管
油管大老王是谁,Google,油管
油管订阅,Google,油管
油管登录,Google,油管
油管登录,Bing,油管
油管第三方,Google,油管
油管第三方,Bing,油管
油管打不开,Google,油管
油管打不开,Bing,油管
油管短视频收益,Google,油管
油管电脑版,Google,油管
油管大老王,Google,油管
油管订阅排行,Google,油管
油管电视版,Google,油管
油管短视频,Google,油管
油管打不开了,Google,油管
油管短视频时长,Google,油管
油管电影,Google,油管
油管大神 dan koe,Google,油管
油管代理版,Bing,油管
油管的网址,Bing,油管
油管地址,Bing,油管
油管电脑版下载,Bing,油管
油管的视频怎么下载,Bing,油管
油管代理版下载,Bing,油管
油管的英文,Bing,油管
油管大神,Bing,油管
油管短节,Bing,油管
油管 一 万 播放 量 多少 钱,Google,油管
油管 如何 后台 播放,Google,油管
油管 息 屏 播放,Google,油管
油管 如何 赚钱,Google,油管
油管 如何 拉 黑,Google,油管
油管 印度,Google,油管
油管 如何 加入 会员,Google,油管
油管 一 亿 播放 量 多少 钱,Google,油管
油管 印度 会员,Google,油管
油管 移民 三 剑客,Google,油管
油管 如何 私信,Google,油管
油管 如何 投 屏,Google,油管
油管 一直 转圈,Google,油管
油管 如何 设置 中文,Google,油管
油管 一个 狠 人,Google,油管
油管ip,Bing,油管
油管id,Bing,油管
油管 idm,Bing,油管
油管ios,Bing,油管
油管ip地址,Bing,油管
油管idm下载,Bing,油管
油管ign,Bing,油管
油管ipa,Bing,油管
油管ipv6,Bing,油管
油管ios下载,Bing,油管
油管ipa下载,Bing,油管
油管id怎么改,Bing,油管
油管广告屏蔽,Google,油管
油管国外视频网站,Google,油管
油管广告,Google,油管
油管工作室,Google,油管
油管高清下载,Google,油管
油管官网首页,Google,油管
油管官网首页,Bing,油管
油管个人车,Google,油管
油管官网下载,Google,油管
油管官网下载,Bing,油管
油管更新,Google,油管
油管固定座,Google,油管
油管官书记,Google,油管
油管广告拦截,Google,油管
油管高质量博主,Google,油管
油管个人会员,Google,油管
油管官网网址,Bing,油管
油管官网入口,Bing,油管
油管官网怎么进,Bing,油管
油管官网网页版,Bing,油管
油管官网下载电脑版,Bing,油管
油管官方网站入口,Bing,油管
油管挂,Bing,油管
油管关键词,Bing,油管
油管官网入口youtube,Bing,油管
油管老王来了是谁,Google,油管
油管老王来了是谁,Bing,油管
油管logo,Google,油管
油管logo,Bing,油管
油管历史博主,Google,油管
油管旅游博主,Google,油管
油管老灯开讲,Google,油管
油管路一段,Google,油管
油管老王,Google,油管
油管螺丝,Google,油管
油管漏油,Google,油管
油管路87巷12号,Google,油管
油管路一段20号,Google,油管
油管路二段,Google,油管
油管路一段450号,Google,油管
油管路一段218号,Google,油管
油管路87巷,Google,油管
油管链接,Bing,油管
油管螺纹,Bing,油管
油管浏览器,Bing,油管
油管路,Bing,油管
油管链接下载,Bing,油管
油管螺纹标准,Bing,油管
油管拉黑,Bing,油管
油管leonard,Bing,油管
油管leonard知乎,Bing,油管
油管链接解析,Bing,油管
油管免登录,Google,油管
油管免登录,Bing,油管
油管马司库是谁,Google,油管
油管mp3,Google,油管
油管mp3下载,Google,油管
油管马司库,Google,油管
油管免广告,Google,油管
油管买粉,Google,油管
油管模块,Google,油管
油管免翻墙,Google,油管
油管music,Google,油管
油管music,Bing,油管
油管免费音乐,Google,油管
油管免翻,Bing,油管
油管锚,Bing,油管
油管免费下载,Bing,油管
油管 万人投票 探花,Bing,油管
油管免费加速器,Bing,油管
油管免费下载视频,Bing,油管
油管模拟器,Bing,油管
油管免翻版,Bing,油管
油管mp3转换网站,Bing,油管
油管万人投票探花yandex,Bing,油管
油管客服,Google,油管
油管快速接头,Google,油管
油管快速接头,Bing,油管
油管客户端,Google,油管
油管客户端,Bing,油管
油管开通收益,Google,油管
油管看不了,Google,油管
油管可以私信吗,Google,油管
油管客户端下载,Google,油管
油管看不了视频,Google,油管
油管口语工具,Google,油管
油管快捷键,Google,油管
油管快拆,Google,油管
油管可以加好友吗,Google,油管
油管扣型对照表,Bing,油管
油管可以看黄吗,Bing,油管
油管卡箍,Bing,油管
油管看黄,Bing,油管
油管 会员,Bing,油管
油管快插接头,Bing,油管
油管会员代充,Bing,油管
油管会员专享破解,Bing,油管
油管年龄限制怎么取消,Google,油管
油管年度总结,Google,油管
油管n,Google,油管
油管年度报告,Google,油管
油管哪里买,Google,油管
油管年终总结,Google,油管
油管逆止阀,Google,油管
油管年度总结在哪看,Google,油管
油管年度回顾,Google,油管
油管内径,Bing,油管
油管能看黄吗,Bing,油管
油管年龄限制视频下载,Bing,油管
油管nu与eu区别,Bing,油管
油管n80,Bing,油管
油管内径的优化设计,Bing,油管
油管内径的公式推导,Bing,油管
油管内径的单位换算,Bing,油管
油管内径的实例分析,Bing,油管
油管内径的常见问题,Bing,油管
油管内径的影响因素,Bing,油管
油管内径的测量仪器,Bing,油管
油管镜像网站,Google,油管
油管镜像网站,Bing,油管
油管家庭会员,Google,油管
油管江峰,Google,油管
油管解除限制,Google,油管
油管旧版本,Google,油管
油管接头,Google,油管
油管接头种类,Google,油管
油管夹,Google,油管
油管加载字幕时出错,Google,油管
油管家庭组,Google,油管
油管接頭,Google,油管
油管接头规格,Google,油管
油管键政,Google,油管
油管加速器免费,Bing,油管
油管接头规格型号表,Bing,油管
油管加速器 pc端,Bing,油管
油管镜像网站2025,Bing,油管
油管解析网站,Bing,油管
油管镜像站,Bing,油管
油管接头形式图解,Bing,油管
油管加速器下载,Bing,油管
油管批量下载,Google,油管
油管批量下载,Bing,油管
油管频道推荐,Google,油管
油管评论翻译,Google,油管
油管评论翻译,Bing,油管
油管排行榜,Google,油管
油管评论翻译中文,Google,油管
油管頻道,Google,油管
油管评论怎么翻译中文,Google,油管
油管评论怎么翻译中文,Bing,油管
油管premium,Google,油管
油管premium,Bing,油管
油管频道会员,Google,油管
油管频道会员,Bing,油管
油管评论区翻译,Google,油管
油管破裂,Google,油管
油管破掉,Google,油管
油管评论翻译机,Google,油管
油管评论翻译功能不见了,Google,油管
油管评论,Google,油管
油管评论,Bing,油管
油管pc端下载,Bing,油管
油管频道,Bing,油管
油管破解版,Bing,油管
油管频道虎牙热舞微博,Bing,油管
油管 pls,Bing,油管
油管 音乐,Google,油管
油管 音频 下载,Google,油管
油管 收入,Google,油管
油管 收益,Google,油管
油管 音乐 下载,Google,油管
油管 收入 计算,Google,油管
油管 收益 计算,Google,油管
油管 收入 查询,Google,油管
油管 音乐 推广,Google,油管
油管 音频 解析,Google,油管
油管 送 中,Google,油管
油管 收益 查询,Google,油管
油管 王志安,Google,油管
油管 王 剑,Google,油管
油管 音频,Google,油管
油管o型圈,Bing,油管
油管去水印,Google,油管
油管去水印,Bing,油管
油管去广告,Google,油管
油管去广告,Bing,油管
油管去广告模块,Google,油管
油管去广告规则,Google,油管
油管去广告版,Google,油管
油管前绕,Google,油管
油管钳,Google,油管
油管钳,Bing,油管
油管起号,Google,油管
油管起号,Bing,油管
油管去水印解析网站,Bing,油管
油管去广告插件,Bing,油管
油管去水印下载,Bing,油管
油管卡子,Bing,油管
油管卡套,Bing,油管
油管 qpqpqpqpqp2,Bing,油管
油管全屏快捷键,Bing,油管
油管软件下载,Google,油管
油管软件下载,Bing,油管
油管如何后台播放,Google,油管
油管如何后台播放,Bing,油管
油管如何加入会员,Google,油管
油管软件,Google,油管
油管热门,Google,油管
油管如何投屏,Google,油管
油管recap,Google,油管
油管 人,Google,油管
油管 热点,Google,油管
油管入口,Bing,油管
油管如何下载视频,Bing,油管
油管如何进入,Bing,油管
油管r2长度范围,Bing,油管
油管热评,Bing,油管
油管如何赚钱,Bing,油管
油管r1 8下载,Bing,油管
油管r18怎么开,Bing,油管
油管软管,Bing,油管
油管rose换装韩国博主,Bing,油管
油管图标,Google,油管
油管图标,Bing,油管
油管tv版,Google,油管
油管tv版,Bing,油管
油管弹幕,Google,油管
油管提取字幕,Google,油管
油管推荐博主,Google,油管
油管tv,Google,油管
油管投屏,Google,油管
油管tv版下载,Google,油管
油管tv版下载,Bing,油管
油管推荐,Google,油管
油管跳过广告,Google,油管
油管图片下载,Google,油管
油管头,Google,油管
油管头,Bing,油管
油管投屏电视,Google,油管
油管推流,Google,油管
油管图片,Google,油管
油管图片,Bing,油管
油管梯子,Bing,油管
油管弹幕插件,Bing,油管
油管头四通,Bing,油管
油管弹幕怎么开,Bing,油管
油管套管,Bing,油管
油管提取,Bing,油管
油管 弹幕,Bing,油管
油管视频在线解析,Google,油管
油管手机版,Google,油管
油管首页,Google,油管
油管是什么软件,Google,油管
油管是什么软件,Bing,油管
油管视频封面下载,Google,油管
油管视频下载网页,Bing,油管
油管视频下载在线,Bing,油管
油管视频怎么下载,Bing,油管
油管视频提取,Bing,油管
油管视频下载插件,Bing,油管
油管视频下载工具,Bing,油管
油管视频解析下载,Bing,油管
油管视频免费下载,Bing,油管
油管up主推荐,Google,油管
油管up主推荐,Bing,油管
油管 上,Google,油管
油管 上 值得 关注 的 博 主,Google,油管
油管 上 值得 关注 的 中文 博 主,Google,油管
油管 上 好看 的 频道,Google,油管
油管 上 的 中文 博 主,Google,油管
油管 上 有 什么 好看 的,Google,油管
油管 上 不 去,Google,油管
油管 up 主,Google,油管
油管 上传 视频,Google,油管
油管 上 怎么 赚钱,Google,油管
油管 上 的 老 王 来 了 是 谁,Google,油管
油管 上 不 去 了,Google,油管
油管 上 车,Google,油管
油管 url,Google,油管
油管url,Bing,油管
油管url链接,Bing,油管
油管up,Bing,油管
油管up主叫什么,Bing,油管
油管up主的幸福生活,Bing,油管
油管url在哪,Bing,油管
油管up主的幸福生活2,Bing,油管
油管五常,Google,油管
油管五常,Bing,油管
油管网页,Google,油管
油管网站,Google,油管
油管网站,Bing,油管
油管网,Google,油管
油管文案提取,Google,油管
油管网页版免登录,Google,油管
油管王志安,Google,油管
油管无法访问此内容,Google,油管
油管无广告版,Google,油管
油管网官网网址,Google,油管
油管无法登录,Google,油管
油管网红,Google,油管
油管无水印,Google,油管
油管王剑,Google,油管
油管网页版入口,Bing,油管
油管网页版官网,Bing,油管
油管五常是哪五个国家,Bing,油管
油管网址下载,Bing,油管
油管网址怎么才能进去,Bing,油管
油管网址是什么,Bing,油管
油管 vpn,Google,油管
油管vlog,Google,油管
油管vlog,Bing,油管
油管 video unavailable,Google,油管
油管 vlog 口语 听力 学习 网站,Google,油管
油管 大 v,Google,油管
油管 中文 大 v,Google,油管
油管 法轮功 大 v,Google,油管
油管 时政 大 v,Google,油管
油管 大 v 推荐,Google,油管
油管 反共 大 v,Google,油管
油管 财经 大 v,Google,油管
油管 大 v 发 币,Google,油管
免费 vpn 油管,Google,油管
v 油管,Google,油管
vjr125 油管,Google,油管
油管vpn,Bing,油管
油管vpn免费,Bing,油管
油管vpn推荐,Bing,油管
油管vlog博主,Bing,油管
油管 vr,Bing,油管
油管vpn下载,Bing,油管
油管vlog大神,Bing,油管
油管vip,Bing,油管
油管vox,Bing,油管
油管vr视频,Bing,油管
油管vtuber,Bing,油管
油管音乐,Google,油管
油管音乐,Bing,油管
油管音频下载,Google,油管
油管音乐下载,Google,油管
油管一万播放量多少钱,Google,油管
油管youtube下载,Google,油管
油管youtube下载,Bing,油管
油管语言设置,Google,油管
油管音乐库,Google,油管
油管油管,Google,油管
油管要求登录怎么办,Google,油管
油管youtube网页入口,Google,油管
油管 营业中,Google,油管
油管youtube官网在线观看,Bing,油管
油管youtube官网地址,Bing,油管
油管youtube官网入口翻墙,Bing,油管
油管youtube下载安装,Bing,油管
油管youtube官网入口网址,Bing,油管
油管youtube网页版,Bing,油管
油管下载网址,Google,油管
油管下载安卓,Google,油管
油管下载安卓,Bing,油管
油管下载app,Google,油管
油管下载app,Bing,油管
油管新闻,Google,油管
油管下载apk,Google,油管
油管下载链接,Google,油管
油管新闻频道,Google,油管
油管下载音频,Google,油管
油管学英语,Google,油管
油管下载mp3,Google,油管
油管下,Google,油管
油管下载视频网站,Google,油管
油管下载视频网站,Bing,油管
油管下载视频,Bing,油管
油管下载电脑版,Bing,油管
油管下载器,Bing,油管
油管下载官网,Bing,油管
油管下载插件,Bing,油管
油管下载工具,Bing,油管
油管悬挂器,Bing,油管
油管注册,Google,油管
油管赚钱,Google,油管
油管中文博主排名,Google,油管
油管字幕,Google,油管
油管在线解析,Google,油管
油管直播,Google,油管
油管直播,Bing,油管
油管怎么后台播放,Google,油管
油管怎么翻译中文,Google,油管
油管政论一哥,Google,油管
油管助手,Google,油管
油管中文网,Google,油管
油管中文财经博主,Google,油管
油管怎么进,Bing,油管
油管字幕下载,Bing,油管
油管主播生活,Bing,油管
油管在线观看,Bing,油管
油管怎么打开,Bing,油管
油管怎么下载,Bing,油管
油管主播模拟器2,Bing,油管
油管怎么下载视频,Bing,油管
油管怎么看黄色,Bing,油管
油管 会员 尼日利亚,Google,油管 会员
油管 会员 共享,Google,油管 会员
油管 会员 费,Google,油管 会员
油管 会员 最 便宜,Google,油管 会员
油管会员频道破解,Bing,油管 会员
油管会员 印度,Google,油管 会员
油管会员 印度,Bing,油管 会员
油管会员低价区,Google,油管 会员
油管会员专享视频,Google,油管 会员
油管会员专享视频,Bing,油管 会员
油管会员订阅,Google,油管 会员
油管会员被取消,Google,油管 会员
油管 会员 便宜,Google,油管 会员
油管 会员 视频 分享,Google,油管 会员
油管会员壁纸,Bing,油管 会员
yoonying允英油管会员频道,Bing,油管 会员
油管会员充值,Bing,油管 会员
油管 会员 家庭,Google,油管 会员
油管 会员 跨 区,Google,油管 会员
油管 会员 土耳其,Google,油管 会员
油管 会员 代购,Google,油管 会员
油管 会员 代 开,Google,油管 会员
土耳其 油管 会员 价格,Google,油管 会员
大陆 油管 会员,Google,油管 会员
土 区 油管 会员,Google,油管 会员
油管会员多少钱一年,Bing,油管 会员
油管会员多少钱一个月,Bing,油管 会员
油管 会员 淘宝,Google,油管 会员
油管 会员 低 价 区,Google,油管 会员
油管 会员 被 取消,Google,油管 会员
香港 油管 会员,Google,油管 会员
油管会员合租,Bing,油管 会员
油管 会员 印度,Google,油管 会员
油管 会员 一 年,Google,油管 会员
油管 会员 一 年 多少 钱,Google,油管 会员
油管 会员 一个 月 多少 钱,Google,油管 会员
油管 会员 视频 如何 下载,Google,油管 会员
油管会员共享,Google,油管 会员
油管 学生 会员,Google,油管 会员
油管 家庭 会员 合租,Google,油管 会员
油管会员涨价,Google,油管 会员
steam买油管会员,Bing,油管 会员
油管 会员 免费,Google,油管 会员
油管 会员 免费 看,Google,油管 会员
如何 看 油管 会员 视频,Google,油管 会员
油管 会员 解析,Google,油管 会员
油管 会员 视频 解析,Google,油管 会员
油管 怎么 加入 会员,Google,油管 会员
油管 会员 哪个 区 便宜,Google,油管 会员
油管 家庭 会员 拼车,Google,油管 会员
油管 会员 哪个 区 最 便宜,Google,油管 会员
油管 高级 会员,Google,油管 会员
油管会员 南非,Bing,油管 会员
油管会员哪个地区最便宜,Bing,油管 会员
油管 会员 阿根廷,Google,油管 会员
油管 音乐 会员,Google,油管 会员
王志安 油管 会员 视频,Google,油管 会员
油管premium会员,Google,油管 会员
油管 会员 视频 破解,Google,油管 会员
油管会员破解,Bing,油管 会员
油管会员频道视频下载,Bing,油管 会员
油管 会员 下载,Google,油管 会员
油管会员视频怎么下载,Bing,油管 会员
油管会员视频怎么看,Bing,油管 会员
油管 会员 多少 钱,Google,油管 会员
油管 会员 多少 钱 一个 月,Google,油管 会员
油管 会员 专 享,Google,油管 会员
油管 会员 专 享 视频,Google,油管 会员
油管 tv 会员,Google,油管 会员
油管 怎么 充 会员,Google,油管 会员
油管 会员 淘 宝,Google,油管 会员
油管会员限定,Bing,油管 会员
油管 会员 有 啥 用,Google,油管 会员
油管 会员 节目 破解,Google,油管 会员
油管会员一个月多少钱,Bing,油管 会员
youtube 拼车 风险,Google,YouTube 拼车
youtube 拼车 v2ex,Google,YouTube 拼车
youtube 拼车 平台,Google,YouTube 拼车
youtube 家庭 会员 拼车,Google,YouTube 拼车
youtube music 拼车,Google,YouTube 拼车
youtube tv 拼车,Google,YouTube 拼车
youtube 家庭 拼车,Google,YouTube 拼车
youtube 美 区 拼车,Google,YouTube 拼车
youtube premium家庭拼车,Google,YouTube 拼车
youtube 日区拼车,Google,YouTube 拼车
youtube music premium 拼车,Google,YouTube 拼车
youtube 香港 拼车,Google,YouTube 拼车
youtube会员拼车,Bing,YouTube 拼车
youtube家庭会员拼车,Bing,YouTube 拼车
youtube premium拼车,Bing,YouTube 拼车
youtube music拼车,Bing,YouTube 拼车
油管会员怎么开,Google,油管 会员
油管会员怎么开通,Bing,油管 会员
油管会员账号购买,Bing,油管 会员
youtube tv拼车,Google,YouTube 拼车
拼车 youtube,Google,YouTube 拼车
youtube 拼车,Bing,YouTube 拼车
youtube 拼 团,Google,YouTube 拼车
youtube 汽车 频道,Google,YouTube 拼车
youtube 家庭 组 拼车,Google,YouTube 拼车
youtube premium会员拼车,Google,YouTube 拼车
嘀嗒出行拼车1+1和优享1+1,Bing,YouTube 拼车
嘀嗒拼车1+1和优享1+1区别,Bing,YouTube 拼车
合租youtube,Google,YouTube 合租
youtube合租平台,Bing,YouTube 合租
youtube premium合租,Bing,YouTube 合租
youtube会员合租,Bing,YouTube 合租
youtube music合租,Bing,YouTube 合租
youtube 合租,Bing,YouTube 合租
youtube打击合租,Google,YouTube 合租
youtube premium 合租 dcard,Google,YouTube 合租
youtube 合 购,Google,YouTube 合租
youtube 合 买,Google,YouTube 合租
youtube 合同,Google,YouTube 合租
youtube 合租 群,Google,YouTube 合租
youtube 家庭 方案 合租,Google,YouTube 合租
www.uhaozu.com合租,Bing,YouTube 合租
youtube 合租 会员,Google,YouTube 合租
youtube music 会员 合租,Google,YouTube 合租
youtube 家庭 合租,Google,YouTube 合租
youtube 美 区 合租,Google,YouTube 合租
youtube 家庭 会员 合租,Google,YouTube 合租
youtube premium 家庭方案 合租,Google,YouTube 合租
youtube music 合租,Google,YouTube 合租
youtube tv 合租,Google,YouTube 合租
youtube prime 合租,Google,YouTube 合租
youtube premium 家庭 合租,Google,YouTube 合租
youtube合租 telegram,Google,YouTube 合租
www.uhaozu.com整租,Bing,YouTube 合租
youtube 家庭 组 一 年,Google,YouTube 家庭组
youtube家庭组拼车,Google,YouTube 家庭组
youtube家庭组无法加入,Google,YouTube 家庭组
youtube家庭组无法加入,Bing,YouTube 家庭组
youtube 家庭 组 会员,Google,YouTube 家庭组
youtube 家庭 组 安全 吗,Google,YouTube 家庭组
youtube 家庭 共享,Google,YouTube 家庭组
youtube家庭组一年,Bing,YouTube 家庭组
youtube 家庭组 添加成员,Bing,YouTube 家庭组
youtube家庭组隐私问题,Bing,YouTube 家庭组
youtube退出家庭组,Bing,YouTube 家庭组
youtube怎么退出家庭组,Bing,YouTube 家庭组
youtube会员家庭组,Bing,YouTube 家庭组
youtube 家庭 组 隐私 问题,Google,YouTube 家庭组
youtube 家庭方案 教学,Google,YouTube 家庭组
youtube 家庭方案 邀请,Google,YouTube 家庭组
youtube家庭方案,Google,YouTube 家庭组
尼日利亚 youtube premium 家庭组,Bing,YouTube 家庭组
youtube 代充,Bing,YouTube 代充
youtube代充值,Bing,YouTube 代充
youtube频道会员代充,Bing,YouTube 代充
youtube会员代充,Bing,YouTube 代充
youtube会员频道代充,Bing,YouTube 代充
youtube带货,Google,YouTube 代充
youtube充值,Google,YouTube 代充
替代youtube的平台,Google,YouTube 代充
youtube土耳其价格,Google,YouTube 土耳其
youtube 土耳其 礼物卡,Google,YouTube 土耳其
youtube土耳其礼品卡,Google,YouTube 土耳其
youtube 土耳其 ptt,Google,YouTube 土耳其
youtube 土耳其 ptt,Bing,YouTube 土耳其
youtube 土耳其会员,Google,YouTube 土耳其
youtube 土耳其订阅,Google,YouTube 土耳其
youtube 土耳其 2025,Google,YouTube 土耳其
youtube 土耳其 家庭,Google,YouTube 土耳其
youtube 土耳其 家庭,Bing,YouTube 土耳其
youtube 土耳其 apple,Google,YouTube 土耳其
youtube 土耳其 失效,Google,YouTube 土耳其
youtube 土耳其大法,Google,YouTube 土耳其
youtube 土耳其,Google,YouTube 土耳其
youtube 土耳其,Bing,YouTube 土耳其
youtube 土耳其費用,Bing,YouTube 土耳其
youtube 土耳其 教學,Bing,YouTube 土耳其
youtube 土耳其 2024,Bing,YouTube 土耳其
youtube土耳其会员,Bing,YouTube 土耳其
youtube premium土耳其,Bing,YouTube 土耳其
土耳其youtube premium,Google,YouTube 土耳其
土耳其youtube premium,Bing,YouTube 土耳其
土耳其youtube premium價格,Bing,YouTube 土耳其
youtube 土耳其 dcard,Google,YouTube 土耳其
youtube premium 土耳其 dcard,Google,YouTube 土耳其
土耳其youtube,Google,YouTube 土耳其
youtube 土耳其 apple store,Google,YouTube 土耳其
youtube 土耳其 apple id,Google,YouTube 土耳其
youtube premium 土耳其 android,Google,YouTube 土耳其
youtube premium 土耳其 apple,Google,YouTube 土耳其
youtube premium 土耳其 apple id,Google,YouTube 土耳其
youtube premium 土耳其 app store,Google,YouTube 土耳其
土耳其 youtube premium apple gift card,Google,YouTube 土耳其
土耳其youtube会员,Google,YouTube 土耳其
土耳其youtube会员,Bing,YouTube 土耳其
youtube 最 便宜 土耳其,Google,YouTube 土耳其
youtube premium土耳其失敗,Google,YouTube 土耳其
土耳其 版 youtube premium,Google,YouTube 土耳其
youtube会员土耳其,Google,YouTube 土耳其
土耳其youtube premium购买教程银行卡,Bing,YouTube 土耳其
土耳其youtube价格,Bing,YouTube 土耳其
youtube premium 土耳其 教學,Bing,YouTube 土耳其
youtube 土耳其 人,Google,YouTube 土耳其
youtube 土耳其 方案,Google,YouTube 土耳其
youtube 土耳其 被 抓,Google,YouTube 土耳其
youtube 土耳其 被 取消,Google,YouTube 土耳其
youtube premium family 土耳其,Google,YouTube 土耳其
youtube premium 土耳其 家庭 方案,Google,YouTube 土耳其
youtube 土耳其 家庭 方案,Google,YouTube 土耳其
youtube premium 土耳其 被 封,Google,YouTube 土耳其
youtube premium 土耳其 人,Google,YouTube 土耳其
youtube premium 土耳其 家庭 方案 价格,Google,YouTube 土耳其
youtube premium 土耳其 付款 方式,Google,YouTube 土耳其
youtube premium 土耳其 被抓,Google,YouTube 土耳其
youtube premium 土耳其 被 取消,Google,YouTube 土耳其
youtube premium 方案 土耳其,Google,YouTube 土耳其
土耳其 gift card youtube premium,Google,YouTube 土耳其
土耳其 youtube gift card,Google,YouTube 土耳其
土耳其 買 youtube premium,Google,YouTube 土耳其
土耳其 買 youtube,Google,YouTube 土耳其
g2a 土耳其 youtube,Google,YouTube 土耳其
youtube 土耳其 区,Google,YouTube 土耳其
youtube 土耳其 教程,Google,YouTube 土耳其
youtube土耳其,Google,YouTube 土耳其
youtube 土耳其 会员,Google,YouTube 土耳其
youtube 土耳其 区 价格,Google,YouTube 土耳其
youtube 土耳其 会员 价格,Google,YouTube 土耳其
youtube 土耳其 家庭 组,Google,YouTube 土耳其
youtube 土耳其 教学,Google,YouTube 土耳其
youtube 土耳其 更新付款方式,Google,YouTube 土耳其
youtube premium 土耳其 区,Google,YouTube 土耳其
youtube premium 土耳其 点 数,Google,YouTube 土耳其
土耳其 youtube premium 家庭,Google,YouTube 土耳其
土耳其区youtube会员,Google,YouTube 土耳其
youtube 土耳其 ios,Google,YouTube 土耳其
youtube 土耳其 印度,Google,YouTube 土耳其
youtube premium 土耳其 印度,Google,YouTube 土耳其
youtube premium 土耳其 ios,Google,YouTube 土耳其
youtube premium 土耳其 itunes,Google,YouTube 土耳其
youtube premium 土耳其 一 年,Google,YouTube 土耳其
youtube premium 土耳其 iphone,Google,YouTube 土耳其
youtube premium 土耳其 印度 价格,Google,YouTube 土耳其
youtube premium 土耳其 印度 價格,Google,YouTube 土耳其
土耳其 youtube premium 價格,Bing,YouTube 土耳其
youtube premium 家庭方案 土耳其,Bing,YouTube 土耳其
yputube 土耳其,Google,YouTube 土耳其
youtube 土耳其 跨区,Google,YouTube 土耳其
youtube music 土耳其,Google,YouTube 土耳其
youtube music premium 土耳其,Google,YouTube 土耳其
youtube premium 跨区 土耳其,Google,YouTube 土耳其
youtube跨土耳其,Google,YouTube 土耳其
youtube 土耳其 漲 價,Google,YouTube 土耳其
youtube 土耳其 跨區,Google,YouTube 土耳其
youtube premium 跨區 土耳其,Google,YouTube 土耳其
youtube premium 土耳其 漲價,Google,YouTube 土耳其
youtube premium 土耳其 阿根廷,Google,YouTube 土耳其
youtube premium 土耳其 收费,Google,YouTube 土耳其
youtube premium 土耳其 收費,Google,YouTube 土耳其
土耳其youtube收費,Google,YouTube 土耳其
youtube premium 土耳其 礼物卡,Google,YouTube 土耳其
youtube 土耳奇,Google,YouTube 土耳其
youtube 土耳其 信用卡,Google,YouTube 土耳其
youtube 土耳其 失败,Google,YouTube 土耳其
youtube premium 土耳其 失敗,Google,YouTube 土耳其
youtube 土耳其 付款 失败,Google,YouTube 土耳其
youtube premium 土耳其 信用卡,Google,YouTube 土耳其
youtube premium 土耳其 付款 失败,Google,YouTube 土耳其
youtube 土耳其 失敗,Google,YouTube 土耳其
youtube 頻道 會員 土耳其,Google,YouTube 土耳其
土耳其 youtube premium 失败,Google,YouTube 土耳其
土耳其進行曲 youtube,Google,YouTube 土耳其
疯 先生 youtube 土耳其,Google,YouTube 土耳其
youtube 土耳其 大法,Google,YouTube 土耳其
youtube 土耳其 付款,Google,YouTube 土耳其
youtube 土耳其 付款 方式,Google,YouTube 土耳其
youtube 土耳其 地址,Google,YouTube 土耳其
youtube 土耳其 取消,Google,YouTube 土耳其
youtube premium 土耳其 被 抓,Google,YouTube 土耳其
youtube 土耳其 更新 付款 方式,Google,YouTube 土耳其
youtube premium 土耳其 付款方式,Google,YouTube 土耳其
youtube premium 土耳其 地址,Google,YouTube 土耳其
youtube 土耳其 premium,Google,YouTube 土耳其
youtube premium 土耳其 2025,Google,YouTube 土耳其
youtube premium 土耳其 涨 价,Google,YouTube 土耳其
youtube premium 土耳其 费用,Google,YouTube 土耳其
youtube premium 土耳其 ptt,Google,YouTube 土耳其
youtube premium 土耳其 lihkg,Google,YouTube 土耳其
土耳其 apple id youtube premium,Google,YouTube 土耳其
土耳其 youtube premium 年缴,Google,YouTube 土耳其
youtube premium 土耳其 内 购,Google,YouTube 土耳其
youtube 土耳其 vpn,Google,YouTube 土耳其
youtube premium 土耳其 vpn,Google,YouTube 土耳其
youtube 土耳其 lihkg,Google,YouTube 土耳其
youtube premium lite 土耳其,Google,YouTube 土耳其
youtube 尼日利亚 锁 卡,Google,YouTube 尼日利亚
youtube 尼日利亚 家庭 组,Google,YouTube 尼日利亚
youtube 尼日利亚 会员,Google,YouTube 尼日利亚
youtube 尼日利亚 区,Google,YouTube 尼日利亚
youtube 尼日利亚 涨 价,Google,YouTube 尼日利亚
youtube尼日利亚付款,Google,YouTube 尼日利亚
youtube premium 尼日利亚 2025,Google,YouTube 尼日利亚
youtube premium 跨区 尼日利亚,Google,YouTube 尼日利亚
youtube premium 尼日利亚 失败,Google,YouTube 尼日利亚
尼日利亚 youtube premium 价格,Google,YouTube 尼日利亚
尼日利亚 youtube 订阅,Google,YouTube 尼日利亚
尼日利亚 youtube 会员 价格,Google,YouTube 尼日利亚
尼日利亚 youtube 开通,Google,YouTube 尼日利亚
尼日利亚 youtube premium 地址,Google,YouTube 尼日利亚
尼日利亚 youtube 家庭,Google,YouTube 尼日利亚
youtube尼日利亚锁卡,Bing,YouTube 尼日利亚
youtube premium尼日利亚,Bing,YouTube 尼日利亚
尼日利亚youtube premium,Bing,YouTube 尼日利亚
尼日利亚youtube会员,Bing,YouTube 尼日利亚
尼日利亚 youtube,Google,YouTube 尼日利亚
尼日利亚歌曲,Google,YouTube 尼日利亚
尼日利亚电影,Google,YouTube 尼日利亚
尼日利亚国歌,Google,YouTube 尼日利亚
尼日利亚舞蹈,Google,YouTube 尼日利亚
youtube尼日利亚,Google,YouTube 尼日利亚
youtube 尼 日 尼 亚,Google,YouTube 尼日利亚
尼日利亚youtube,Google,YouTube 尼日利亚
尼日利亚的抖音,Google,YouTube 尼日利亚
尼日利亚锂矿,Google,YouTube 尼日利亚
尼日利亞,Google,YouTube 尼日利亚
尼日利亚的 bnv 和 nin,Bing,YouTube 尼日利亚
世界杯 尼日利亚女篮 vs 中国女篮直播,Bing,YouTube 尼日利亚
youtube去广告安卓,Google,YouTube 去广告
youtube去广告安卓,Bing,YouTube 去广告
youtube 去 广告 最新,Google,YouTube 去广告
youtube去广告版,Google,YouTube 去广告
youtube去广告版,Bing,YouTube 去广告
youtube去广告ios,Google,YouTube 去广告
youtube去广告ios,Bing,YouTube 去广告
youtube 去广告 2025,Google,YouTube 去广告
youtube去广告油猴,Google,YouTube 去广告
youtube去广告油猴,Bing,YouTube 去广告
youtube去广告脚本,Google,YouTube 去广告
youtube去广告脚本,Bing,YouTube 去广告
youtube去广告小火箭,Google,YouTube 去广告
youtube去广告小火箭,Bing,YouTube 去广告
youtube去广告 网址,Google,YouTube 去广告
youtube 去广告 费用,Google,YouTube 去广告
youtube 去广告 app,Google,YouTube 去广告
youtube 去广告,Google,YouTube 去广告
youtube 去广告,Bing,YouTube 去广告
youtube 去广告 ios,Bing,YouTube 去广告
youtube 去广告规则,Bing,YouTube 去广告
youtube 去广告 油猴,Bing,YouTube 去广告
youtube 去广告 apk,Google,YouTube 去广告
youtube 去广告 apk,Bing,YouTube 去广告
youtube去广告版apk,Bing,YouTube 去广告
youtube app 去广告 android,Google,YouTube 去广告
youtube 去 广告 软件,Google,YouTube 去广告
youtube 去 广告 ios,Google,YouTube 去广告
youtube 去 广告 mac,Google,YouTube 去广告
youtube去广告app,Bing,YouTube 去广告
youtube去广告安卓版,Bing,YouTube 去广告
ios youtube去广告,Bing,YouTube 去广告
去youtube广告,Bing,YouTube 去广告
youtube去广告版本,Google,YouTube 去广告
youtube去广告版本,Bing,YouTube 去广告
youtube 去掉广告,Google,YouTube 去广告
youtube去除广告,Google,YouTube 去广告
youtube 去 广告 版 apk,Bing,YouTube 去广告
youtube去广告版下载,Bing,YouTube 去广告
edge youtube 去广告,Google,YouTube 去广告
youtube 去广告 firefox,Google,YouTube 去广告
youtube 去 广告 电脑,Google,YouTube 去广告
youtube 去 广告 失效,Google,YouTube 去广告
youtube 去 广告 脚本,Google,YouTube 去广告
google tv youtube 去广告,Google,YouTube 去广告
google chrome youtube 去广告,Google,YouTube 去广告
google youtube 去广告,Google,YouTube 去广告
youtube去广告规则clash,Bing,YouTube 去广告
youtube 去 广告 chrome,Google,YouTube 去广告
chromecast youtube 去广告,Google,YouTube 去广告
youtube去广告插件安卓,Bing,YouTube 去广告
youtube 去广告 iphone,Google,YouTube 去广告
youtube app 去广告 ios,Google,YouTube 去广告
youtube app 去广告 ios,Bing,YouTube 去广告
ios youtube app去广告,Bing,YouTube 去广告
youtube app去广告ios,Bing,YouTube 去广告
iphone youtube去广告,Bing,YouTube 去广告
ipad youtube去广告,Bing,YouTube 去广告
youtube ios去广告,Bing,YouTube 去广告
apple tv youtube 去广告,Google,YouTube 去广告
apple tv youtube 去广告,Bing,YouTube 去广告
apple tv youtube 广告,Bing,YouTube 去广告
youtube 惊现 3 小时超长不可跳过广告 系针对使用广告拦截器的用户,Bing,YouTube 去广告
lg电视 youtube 去广告,Google,YouTube 去广告
youtube 去 广告 magisk,Google,YouTube 去广告
youtube music 去广告,Google,YouTube 去广告
mac youtube 去广告,Google,YouTube 去广告
vidda x mini 去广告,Bing,YouTube 去广告
youtube 去广告 脚本,Google,YouTube 去广告
youtube.com 去广告,Google,YouTube 去广告
youtube 去广告 ptt,Google,YouTube 去广告
youtube premium 去广告,Google,YouTube 去广告
手机 youtube 去广告 ptt,Google,YouTube 去广告
youtube 去广告 tv,Google,YouTube 去广告
youtube 去广告 手机,Google,YouTube 去广告
youtube 去广告 巴哈,Google,YouTube 去广告
android tv youtube 去广告,Google,YouTube 去广告
手机 youtube 去广告 ios,Google,YouTube 去广告
智慧电视 youtube 去广告,Google,YouTube 去广告
youtube去广告 surge,Google,YouTube 去广告
youtube去广告 shadowrocket,Google,YouTube 去广告
smart youtube 去广告,Google,YouTube 去广告
safari youtube 去广告,Google,YouTube 去广告
youtube去广告 shadowrock,Bing,YouTube 去广告
youtube 去 广告 下载,Google,YouTube 去广告
ios youtube app 去广告,Bing,YouTube 去广告
youtube去广告最新,Bing,YouTube 去广告
谷歌70%的广告 都是来自阿里巴巴,Bing,YouTube 去广告
